date,FILE_NAME,SELECT,BUY_TYPE,BUY,BUY_DATE,SELL,%_PROFIT,close,last_Close,Latest_profit,TRADING_SIZE,Consec_Profitable_Trades,Consec_Losses_Trades,BUY_RANGES_COUNT,total_records,count_Profit_CAT_0,count_Profit_CAT_3,TOTAL_SCORE,ratio_3_to_0,avg_min_Low_10_ratio,above80_min_Low_10_ratio,avg_max_High_10_ratio,median_max_High_10_ratio,avg_max_Close_25_ratio,median_max_Close_25_ratio,avg_max_Close_50_ratio,median_max_Close_50_ratio,avg_max_Close_100_ratio,median_max_Close_100_ratio,avg_max_Close_200_ratio,median_max_Close_200_ratio
2025-07-03,3069.HK,True,,,,,,13.98,13.93,-0.4,SizeC,0,1,5,261.0,164.0,70.0,3.47,0.43,0.84,0.79,1.23,1.13,1.29,1.12,1.44,1.16,1.55,1.23,1.64,1.26
2025-07-03,2616.HK,True,,,,,,4.59,4.57,-0.4,SizeC,0,1,4,229.0,139.0,63.0,3.5,0.45,0.86,0.79,1.23,1.13,1.27,1.13,1.4,1.21,1.52,1.24,1.67,1.31
2025-07-03,2618.HK,True,,,,,,4.59,4.58,-0.2,SizeC,0,1,4,229.0,139.0,63.0,3.5,0.45,0.86,0.79,1.23,1.13,1.27,1.13,1.4,1.21,1.52,1.24,1.67,1.31
2025-07-03,2778.HK,True,,,,,,2.27,2.23,-1.8,SizeC,0,1,4,385.0,233.0,100.0,3.46,0.43,0.87,0.81,1.21,1.11,1.26,1.11,1.38,1.16,1.53,1.22,1.69,1.29
2025-07-03,2302.HK,True,,,,,,3.5,3.5,0.0,SizeC,0,3,2,17.0,11.0,4.0,3.52,0.36,0.92,0.88,1.21,1.15,1.24,1.13,1.45,1.21,1.61,1.42,1.72,1.43
2025-07-03,6698.HK,True,,,,,,0.73,0.73,0.0,SizeC,0,2,2,28.0,16.0,7.0,3.53,0.44,0.9,0.84,1.2,1.1,1.26,1.15,1.33,1.2,1.39,1.26,1.67,1.28
2025-07-03,6830.HK,True,,,,,,0.73,0.73,0.0,SizeC,0,2,2,28.0,16.0,7.0,3.53,0.44,0.9,0.84,1.2,1.1,1.26,1.15,1.33,1.2,1.39,1.26,1.67,1.28
2025-07-03,697.HK,True,,,,,,1.7,1.68,-1.2,SizeC,0,1,2,436.0,266.0,92.0,3.38,0.35,0.89,0.83,1.17,1.1,1.2,1.1,1.28,1.14,1.39,1.2,1.55,1.27
2025-07-03,8219.HK,True,,,,,,0.195,0.218,11.8,SizeB,4,0,1,211.0,126.0,60.0,3.6,0.48,0.93,0.9,1.17,1.09,1.2,1.13,1.33,1.18,1.54,1.29,1.83,1.48
2025-07-03,8429.HK,True,,,,,,19.48,19.86,2.0,SizeB,1,0,1,221.0,116.0,68.0,3.62,0.59,0.88,0.83,1.15,1.09,1.2,1.11,1.27,1.15,1.45,1.23,1.8,1.32
2025-07-03,135.HK,True,,,,,,7.77,7.79,0.3,SizeC,1,0,1,46.0,23.0,11.0,3.59,0.48,0.91,0.84,1.14,1.13,1.16,1.14,1.25,1.19,1.37,1.27,1.54,1.39
2025-07-03,1571.HK,True,,,,,,3.96,3.9,-1.5,SizeC,0,1,1,78.0,45.0,25.0,3.61,0.56,0.88,0.81,1.17,1.12,1.21,1.12,1.34,1.14,1.49,1.22,1.67,1.25
2025-07-03,2633.HK,True,,,,,,1.67,1.65,-1.2,SizeC,0,2,1,95.0,58.0,21.0,3.39,0.36,0.91,0.86,1.13,1.09,1.16,1.08,1.23,1.14,1.31,1.2,1.48,1.25
2025-07-03,6683.HK,True,,,,,,5.32,5.19,-2.4,SizeC,0,1,1,174.0,90.0,37.0,3.47,0.41,0.93,0.89,1.12,1.07,1.18,1.1,1.26,1.15,1.38,1.23,1.88,1.34
2025-07-02,1971.HK,False,,,,,,0.445,0.445,0.0,SizeA,0,1,40,43.0,20.0,17.0,3.96,0.85,0.89,0.81,1.3,1.15,1.3,1.15,1.43,1.22,1.65,1.49,1.9,1.65
2025-07-02,1108.HK,False,,,,,,4.7,5.07,7.9,SizeC,4,0,33,89.0,51.0,26.0,3.64,0.51,0.85,0.79,1.31,1.17,1.34,1.17,1.45,1.23,1.54,1.23,1.61,1.26
2025-07-02,1716.HK,True,,,,,,0.405,0.4,-1.2,SizeA,0,3,21,27.0,14.0,10.0,3.78,0.71,0.88,0.74,1.28,1.13,1.34,1.2,1.46,1.23,2.32,1.44,3.32,1.57
2025-07-02,2517.HK,False,,,,,,3.32,3.36,1.2,SizeC,4,0,18,59.0,34.0,19.0,3.65,0.56,0.83,0.76,1.28,1.16,1.28,1.17,1.39,1.26,1.51,1.26,1.55,1.32
2025-07-02,8270.HK,False,,,,,,0.32,0.295,-7.8,SizeA,0,3,7,28.0,14.0,6.0,3.5,0.43,0.93,0.88,1.15,1.06,1.21,1.13,1.35,1.26,1.77,1.37,2.09,1.74
2025-07-02,8271.HK,False,,,,,,0.32,0.295,-7.8,SizeA,0,3,7,28.0,14.0,6.0,3.5,0.43,0.93,0.88,1.15,1.06,1.21,1.13,1.35,1.26,1.77,1.37,2.09,1.74
2025-07-02,8153.HK,False,,,,,,0.098,0.09,-8.2,SizeB,0,2,7,20.0,10.0,8.0,3.81,0.8,0.89,0.84,1.15,1.1,1.15,1.07,1.2,1.11,1.28,1.19,1.47,1.39
2025-07-02,258.HK,False,,,,,,3.32,3.29,-0.9,SizeC,0,1,5,113.0,73.0,29.0,3.42,0.4,0.84,0.76,1.26,1.15,1.27,1.11,1.4,1.16,1.52,1.23,1.62,1.26
2025-07-02,970.HK,True,,,,,,0.64,0.53,-17.2,SizeB,0,1,3,82.0,39.0,33.0,4.04,0.85,0.88,0.82,1.26,1.17,1.4,1.2,1.65,1.25,1.75,1.31,2.91,1.57
2025-07-02,2623.HK,False,,,,,,0.52,0.485,-6.7,SizeA,0,1,2,119.0,63.0,33.0,3.54,0.52,0.9,0.84,1.16,1.07,1.22,1.11,1.37,1.2,1.56,1.32,1.95,1.45
2025-07-02,436.HK,False,,,,,,0.052,0.052,0.0,SizeA,0,3,2,47.0,23.0,20.0,3.97,0.87,0.91,0.87,1.13,1.1,1.23,1.13,1.42,1.2,2.36,1.24,2.94,1.58
2025-07-02,553.HK,False,,,,,,4.37,4.97,13.7,SizeC,1,0,2,109.0,70.0,24.0,3.39,0.34,0.89,0.84,1.17,1.09,1.25,1.12,1.36,1.16,1.48,1.22,1.65,1.29
2025-07-02,3001.HK,False,,,,,,107.25,107.5,0.2,SizeB,1,0,1,273.0,164.0,85.0,3.53,0.52,0.89,0.84,1.16,1.09,1.15,1.08,1.23,1.12,1.41,1.18,1.69,1.28
2025-07-02,3003.HK,False,,,,,,107.25,107.5,0.2,SizeB,1,0,1,273.0,164.0,85.0,3.53,0.52,0.89,0.84,1.16,1.09,1.15,1.08,1.23,1.12,1.41,1.18,1.69,1.28
2025-07-02,612.HK,False,,,,,,0.335,0.335,0.0,SizeB,0,3,1,273.0,164.0,85.0,3.53,0.52,0.89,0.84,1.16,1.09,1.15,1.08,1.23,1.12,1.41,1.18,1.69,1.28
2025-07-02,2407.HK,False,,,,,,6.68,6.46,-3.3,SizeC,0,2,1,276.0,174.0,55.0,3.36,0.32,0.92,0.88,1.12,1.07,1.15,1.09,1.22,1.14,1.35,1.21,1.51,1.27
2025-06-30,1742.HK,False,,,,,,0.096,0.087,-9.4,SizeA,0,2,19,34.0,22.0,10.0,3.48,0.45,0.88,0.81,1.21,1.09,1.24,1.13,1.61,1.21,2.07,1.29,2.3,1.54
2025-06-30,8308.HK,False,,,,,,0.055,0.055,0.0,SizeA,0,2,11,44.0,22.0,15.0,3.75,0.68,0.92,0.87,1.15,1.09,1.18,1.11,1.38,1.15,1.62,1.25,2.12,1.36
2025-06-30,8092.HK,False,,,,,,1.23,1.62,31.7,SizeB,5,0,9,36.0,16.0,15.0,3.92,0.94,0.87,0.76,1.38,1.12,1.38,1.1,1.44,1.14,1.63,1.24,1.89,1.47
2025-06-30,9998.HK,False,,,,,,0.192,0.173,-9.9,SizeA,0,2,8,30.0,18.0,8.0,3.39,0.44,0.88,0.81,1.21,1.08,1.21,1.06,1.31,1.1,1.39,1.18,2.19,1.32
2025-06-30,1931.HK,False,,,,,,2.2,2.05,-6.8,SizeB,0,1,7,26.0,11.0,10.0,3.98,0.91,0.87,0.82,1.16,1.09,1.2,1.16,1.36,1.23,1.45,1.33,2.12,1.33
2025-06-30,157.HK,False,,,,,,0.55,0.55,0.0,SizeA,0,1,6,41.0,20.0,11.0,3.69,0.55,0.96,0.94,1.15,1.08,1.21,1.12,1.26,1.17,1.34,1.27,1.61,1.3
2025-06-30,1079.HK,False,,,,,,0.94,0.8,-14.9,SizeB,0,2,5,25.0,13.0,6.0,3.49,0.46,0.91,0.85,1.16,1.07,1.21,1.11,1.25,1.21,1.44,1.28,1.64,1.35
2025-06-30,8476.HK,True,,,,,,3.64,3.58,-1.6,SizeB,0,2,5,17.0,8.0,8.0,4.17,1.0,0.9,0.81,1.66,1.15,1.65,1.21,1.72,1.21,1.75,1.23,2.57,1.35
2025-06-30,990.HK,False,,,,,,0.94,0.8,-14.9,SizeB,0,2,5,25.0,13.0,6.0,3.49,0.46,0.91,0.85,1.16,1.07,1.21,1.11,1.25,1.21,1.44,1.28,1.64,1.35
2025-06-30,1039.HK,False,,,,,,0.039,0.037,-5.1,SizeA,0,1,4,44.0,23.0,12.0,3.61,0.52,0.92,0.89,1.19,1.09,1.33,1.11,1.53,1.19,1.75,1.46,1.88,1.57
2025-06-30,1903.HK,True,,,,,,1.17,1.13,-3.4,SizeB,2,0,4,45.0,18.0,17.0,4.18,0.94,0.91,0.87,1.28,1.16,1.33,1.21,1.5,1.23,1.7,1.49,2.56,1.61
2025-06-30,2433.HK,False,,,,,,0.174,0.167,-4.0,SizeB,0,1,3,34.0,21.0,6.0,3.45,0.29,0.89,0.84,1.17,1.11,1.3,1.21,1.34,1.23,1.73,1.37,2.11,1.44
2025-06-30,76.HK,False,,,,,,0.34,0.31,-8.8,SizeB,0,1,3,48.0,22.0,17.0,3.76,0.77,0.88,0.81,1.19,1.08,1.28,1.1,1.36,1.16,1.73,1.25,2.05,1.3
2025-06-30,1657.HK,False,,,,,,9.8,9.8,0.0,SizeA,0,2,2,319.0,191.0,89.0,3.51,0.47,0.86,0.8,1.23,1.11,1.31,1.13,1.52,1.23,1.88,1.36,2.32,1.6
2025-06-30,8268.HK,False,,,,,,0.74,0.68,-8.1,SizeB,0,2,2,40.0,22.0,17.0,3.88,0.77,0.89,0.82,1.22,1.16,1.34,1.13,1.43,1.15,1.63,1.24,2.27,1.26
2025-06-30,1340.HK,False,,,,,,0.037,0.037,0.0,SizeA,0,2,1,72.0,47.0,16.0,3.33,0.34,0.9,0.83,1.12,1.07,1.19,1.09,1.34,1.16,1.49,1.33,2.07,1.51
2025-06-30,2436.HK,False,,,,,,2.88,2.83,-1.7,SizeA,0,2,1,252.0,166.0,74.0,3.39,0.45,0.82,0.75,1.16,1.1,1.25,1.09,1.48,1.17,1.74,1.25,2.45,1.55
2025-06-30,1489.HK,False,,,,,,0.325,0.33,1.5,SizeB,0,4,1,214.0,129.0,54.0,3.43,0.42,0.9,0.85,1.14,1.07,1.16,1.09,1.25,1.16,1.39,1.23,1.67,1.33
2025-06-30,8037.HK,False,,,,,,0.71,0.66,-7.0,SizeB,0,1,1,203.0,105.0,54.0,3.54,0.51,0.91,0.86,1.14,1.08,1.22,1.09,1.36,1.14,1.62,1.27,2.38,1.49
2025-06-30,8039.HK,False,,,,,,0.71,0.66,-7.0,SizeB,0,1,1,203.0,105.0,54.0,3.54,0.51,0.91,0.86,1.14,1.08,1.22,1.09,1.36,1.14,1.62,1.27,2.38,1.49
2025-06-30,8603.HK,False,,,,,,1.35,1.3,-3.7,SizeB,0,1,1,422.0,247.0,118.0,3.46,0.48,0.87,0.8,1.18,1.09,1.23,1.09,1.34,1.13,1.55,1.22,1.94,1.39
2025-06-30,865.HK,True,,,,,,0.048,0.045,-6.3,SizeB,0,1,1,236.0,125.0,82.0,3.83,0.66,0.87,0.82,1.27,1.16,1.32,1.19,1.47,1.24,1.63,1.32,2.16,1.49
2025-06-30,1440.HK,False,,,,,,8.54,8.08,-5.4,SizeC,0,1,1,917.0,559.0,234.0,3.48,0.42,0.87,0.8,1.21,1.12,1.28,1.14,1.4,1.19,1.53,1.26,1.76,1.32
2025-06-30,2245.HK,False,,,,,,10.22,10.56,3.3,SizeC,4,0,1,281.0,178.0,53.0,3.33,0.3,0.92,0.87,1.11,1.07,1.17,1.09,1.26,1.14,1.42,1.19,1.63,1.32
2025-06-30,3068.HK,False,,,,,,11.92,12.44,4.4,SizeC,0,1,1,185.0,103.0,53.0,3.62,0.51,0.91,0.84,1.2,1.12,1.27,1.15,1.37,1.19,1.48,1.27,1.64,1.33
2025-06-30,8198.HK,False,,,,,,2.26,2.31,2.2,SizeC,0,2,1,543.0,315.0,115.0,3.4,0.37,0.92,0.87,1.13,1.07,1.18,1.09,1.27,1.12,1.38,1.19,1.56,1.28
2025-06-30,881.HK,False,,,,,,12.1,11.88,-1.8,SizeC,0,2,1,133.0,69.0,30.0,3.53,0.43,0.92,0.88,1.13,1.1,1.15,1.12,1.28,1.17,1.43,1.29,1.58,1.33
2025-06-30,9911.HK,False,,,,,,9.83,10.08,2.5,SizeC,1,0,1,95.0,58.0,21.0,3.39,0.36,0.91,0.86,1.13,1.09,1.16,1.08,1.23,1.14,1.31,1.2,1.48,1.25
2025-06-27,6820.HK,True,,,,,,1.0,0.94,-6.0,SizeC,2,0,17,44.0,21.0,16.0,3.99,0.76,0.88,0.84,1.27,1.15,1.44,1.24,1.58,1.33,1.8,1.41,2.27,1.53
2025-06-27,219.HK,False,,,,,,0.6,0.63,5.0,SizeA,0,2,8,23.0,12.0,8.0,3.83,0.67,0.94,0.9,1.28,1.11,1.38,1.15,1.47,1.29,1.61,1.41,1.82,1.55
2025-06-27,585.HK,False,,,,,,0.445,0.415,-6.7,SizeA,0,1,6,44.0,25.0,10.0,3.47,0.4,0.93,0.91,1.15,1.08,1.22,1.08,1.31,1.2,1.54,1.31,2.02,1.52
2025-06-27,1861.HK,False,,,,,,1.2,1.26,5.0,SizeA,0,1,3,47.0,25.0,14.0,3.54,0.56,0.91,0.83,1.18,1.08,1.18,1.07,1.34,1.19,1.5,1.21,1.89,1.41
2025-06-27,1421.HK,False,,,,,,0.395,0.36,-8.9,SizeB,1,0,3,51.0,32.0,16.0,3.54,0.5,0.9,0.84,1.15,1.1,1.15,1.1,1.24,1.11,1.48,1.15,1.79,1.27
2025-06-27,1289.HK,False,,,,,,1.92,1.9,-1.0,SizeB,0,2,2,55.0,35.0,18.0,3.39,0.51,0.84,0.75,1.11,1.07,1.17,1.06,1.28,1.11,1.47,1.17,1.87,1.48
2025-06-27,189.HK,False,,,,,,10.18,10.34,1.6,SizeC,3,0,2,82.0,48.0,29.0,3.73,0.6,0.9,0.83,1.19,1.15,1.23,1.15,1.36,1.21,1.54,1.25,1.77,1.29
2025-06-27,455.HK,False,,,,,,0.138,0.133,-3.6,SizeA,0,2,1,139.0,82.0,40.0,3.53,0.49,0.9,0.85,1.19,1.08,1.31,1.11,1.54,1.19,1.91,1.35,2.39,1.62
2025-06-27,2286.HK,False,,,,,,0.172,0.17,-1.2,SizeB,0,3,1,620.0,383.0,165.0,3.42,0.43,0.9,0.84,1.12,1.07,1.14,1.08,1.21,1.11,1.38,1.17,1.63,1.27
2025-06-27,78.HK,False,,,,,,0.63,0.65,3.2,SizeB,0,2,1,279.0,154.0,91.0,3.68,0.59,0.88,0.81,1.26,1.13,1.31,1.15,1.5,1.29,1.69,1.43,2.27,1.75
2025-06-27,8033.HK,False,,,,,,0.75,0.77,2.7,SizeB,0,1,1,217.0,123.0,63.0,3.55,0.51,0.89,0.83,1.2,1.1,1.27,1.11,1.39,1.23,1.63,1.36,2.15,1.55
2025-06-27,950.HK,False,,,,,,1.44,1.4,-2.8,SizeB,0,2,1,280.0,152.0,79.0,3.6,0.52,0.93,0.89,1.17,1.08,1.24,1.11,1.36,1.2,1.51,1.27,1.75,1.39
2025-06-27,3160.HK,False,,,,,,21.92,21.8,-0.5,SizeC,4,0,1,334.0,185.0,81.0,3.51,0.44,0.93,0.89,1.15,1.08,1.18,1.1,1.29,1.17,1.43,1.26,1.67,1.37
2025-06-27,336.HK,False,,,,,,2.98,3.02,1.3,SizeC,0,1,1,185.0,103.0,53.0,3.62,0.51,0.91,0.84,1.2,1.12,1.27,1.15,1.37,1.19,1.48,1.27,1.64,1.33
2025-06-27,590.HK,False,,,,,,20.1,20.94,4.2,SizeC,0,1,1,247.0,155.0,52.0,3.38,0.34,0.89,0.84,1.16,1.09,1.19,1.11,1.26,1.15,1.32,1.18,1.47,1.24
2025-06-26,8156.HK,False,,,,,,0.182,0.22,20.9,SizeA,4,0,28,30.0,15.0,11.0,3.86,0.73,0.86,0.78,1.21,1.1,1.26,1.25,1.39,1.29,1.89,1.34,2.09,1.55
2025-06-26,2113.HK,False,,,,,,0.053,0.054,1.9,SizeA,0,1,19,29.0,15.0,11.0,3.75,0.73,0.9,0.83,1.24,1.12,1.23,1.07,1.29,1.22,1.52,1.29,1.86,1.45
2025-06-26,1953.HK,False,,,,,,0.118,0.126,6.8,SizeA,3,0,15,38.0,22.0,11.0,3.61,0.5,0.91,0.84,1.34,1.13,1.36,1.14,1.58,1.33,1.72,1.49,2.58,1.8
2025-06-26,573.HK,False,,,,,,0.32,0.305,-4.7,SizeA,0,1,10,11.0,5.0,5.0,4.2,1.0,0.93,0.9,1.22,1.16,1.26,1.14,1.4,1.21,1.64,1.56,2.18,1.94
2025-06-26,1208.HK,False,,,,,,3.66,3.89,6.3,SizeC,4,0,5,366.0,225.0,90.0,3.44,0.4,0.87,0.8,1.21,1.11,1.24,1.13,1.36,1.17,1.49,1.23,1.67,1.31
2025-06-26,9669.HK,False,,,,,,9.42,8.53,-9.4,SizeC,0,1,5,27.0,12.0,8.0,3.72,0.67,0.91,0.84,1.22,1.08,1.27,1.13,1.44,1.24,1.52,1.31,1.62,1.31
2025-06-26,9676.HK,False,,,,,,9.42,8.53,-9.4,SizeC,0,1,5,27.0,12.0,8.0,3.72,0.67,0.91,0.84,1.22,1.08,1.27,1.13,1.44,1.24,1.52,1.31,1.62,1.31
2025-06-26,8013.HK,False,,,,,,0.295,0.3,1.7,SizeA,0,1,4,11.0,8.0,2.0,3.26,0.25,0.89,0.87,1.07,1.05,1.1,1.09,1.1,1.09,1.2,1.09,1.57,1.25
2025-06-26,8029.HK,False,,,,,,0.295,0.3,1.7,SizeA,0,1,4,11.0,8.0,2.0,3.26,0.25,0.89,0.87,1.07,1.05,1.1,1.09,1.1,1.09,1.2,1.09,1.57,1.25
2025-06-26,1501.HK,False,,,,,,25.26,24.56,-2.8,SizeB,0,1,4,47.0,18.0,20.0,4.12,1.11,0.87,0.8,1.25,1.1,1.3,1.11,1.37,1.21,1.69,1.32,2.2,1.48
2025-06-26,1681.HK,False,,,,,,11.4,11.06,-3.0,SizeC,2,0,3,24.0,11.0,9.0,3.86,0.82,0.91,0.83,1.28,1.12,1.26,1.09,1.53,1.25,1.87,1.39,1.95,1.46
2025-06-26,2420.HK,False,,,,,,3.24,3.12,-3.7,SizeB,0,2,2,34.0,15.0,14.0,3.92,0.93,0.84,0.76,1.38,1.12,1.45,1.11,1.76,1.22,1.96,1.47,2.91,1.93
2025-06-26,9860.HK,False,,,,,,6.54,6.67,2.0,SizeC,1,0,2,11.0,8.0,2.0,3.17,0.25,0.88,0.83,1.09,1.05,1.12,1.04,1.27,1.25,1.35,1.25,1.42,1.45
2025-06-26,9922.HK,False,,,,,,2.81,2.76,-1.8,SizeC,0,1,2,373.0,239.0,87.0,3.38,0.36,0.86,0.79,1.21,1.13,1.25,1.1,1.37,1.13,1.51,1.17,1.65,1.26
2025-06-26,9986.HK,False,,,,,,13.5,14.14,4.7,SizeC,1,0,2,25.0,12.0,8.0,3.78,0.67,0.91,0.87,1.12,1.09,1.2,1.15,1.25,1.2,1.37,1.31,1.61,1.43
2025-06-26,8606.HK,False,,,,,,0.098,0.128,30.6,SizeA,0,2,1,144.0,94.0,32.0,3.33,0.34,0.9,0.85,1.12,1.05,1.18,1.09,1.28,1.14,1.58,1.25,1.96,1.45
2025-06-26,1497.HK,False,,,,,,6.38,6.31,-1.1,SizeB,0,1,1,374.0,224.0,107.0,3.39,0.48,0.85,0.76,1.17,1.08,1.19,1.07,1.3,1.11,1.44,1.17,1.67,1.28
2025-06-26,1647.HK,True,,,,,,0.085,0.088,3.5,SizeB,0,1,1,219.0,117.0,64.0,3.69,0.55,0.9,0.83,1.23,1.14,1.32,1.17,1.45,1.22,1.65,1.31,1.88,1.45
2025-06-26,3187.HK,False,,,,,,16.5,16.8,1.8,SizeB,1,0,1,213.0,113.0,67.0,3.64,0.59,0.9,0.85,1.17,1.1,1.23,1.1,1.33,1.16,1.57,1.28,2.05,1.49
2025-06-26,3199.HK,False,,,,,,117.0,117.1,0.1,SizeB,0,1,1,281.0,150.0,87.0,3.61,0.58,0.87,0.82,1.19,1.1,1.23,1.11,1.39,1.15,1.56,1.23,1.79,1.36
2025-06-26,3300.HK,False,,,,,,117.0,117.1,0.1,SizeB,0,1,1,230.0,129.0,59.0,3.51,0.46,0.9,0.85,1.19,1.09,1.2,1.11,1.35,1.21,1.59,1.35,1.98,1.5
2025-06-26,3302.HK,False,,,,,,0.12,0.12,0.0,SizeB,0,2,1,483.0,297.0,133.0,3.47,0.45,0.92,0.87,1.12,1.07,1.14,1.08,1.21,1.11,1.36,1.16,1.65,1.23
2025-06-26,3422.HK,False,,,,,,77.38,79.5,2.7,SizeB,4,0,1,204.0,111.0,66.0,3.66,0.59,0.94,0.82,1.27,1.11,1.36,1.14,1.51,1.2,1.84,1.32,2.05,1.54
2025-06-26,6858.HK,False,,,,,,3.53,3.51,-0.6,SizeB,1,0,1,281.0,150.0,87.0,3.61,0.58,0.87,0.82,1.19,1.1,1.23,1.11,1.39,1.15,1.56,1.23,1.79,1.36
2025-06-26,6909.HK,False,,,,,,0.465,0.58,24.7,SizeB,2,0,1,274.0,166.0,71.0,3.41,0.43,0.88,0.83,1.16,1.08,1.2,1.07,1.33,1.14,1.59,1.26,2.03,1.41
2025-06-26,8146.HK,False,,,,,,0.128,0.125,-2.3,SizeB,1,0,1,263.0,162.0,75.0,3.49,0.46,0.89,0.83,1.24,1.1,1.26,1.1,1.4,1.15,1.7,1.28,2.39,1.4
2025-06-26,1274.HK,False,,,,,,13.16,13.84,5.2,SizeC,1,0,1,224.0,146.0,51.0,3.26,0.35,0.83,0.79,1.24,1.06,1.25,1.06,1.29,1.08,1.4,1.13,1.58,1.17
2025-06-26,1691.HK,False,,,,,,2.02,2.03,0.5,SizeC,0,1,1,82.0,44.0,16.0,3.39,0.36,0.93,0.9,1.1,1.07,1.12,1.06,1.16,1.08,1.21,1.12,1.44,1.19
2025-06-26,1951.HK,False,,,,,,3.11,2.99,-3.9,SizeC,5,0,1,78.0,45.0,25.0,3.61,0.56,0.88,0.81,1.17,1.12,1.21,1.12,1.34,1.14,1.49,1.22,1.67,1.25
2025-06-26,2155.HK,False,,,,,,6.03,6.35,5.3,SizeC,0,2,1,243.0,150.0,51.0,3.38,0.34,0.92,0.87,1.14,1.07,1.16,1.1,1.26,1.16,1.48,1.22,1.63,1.29
2025-06-26,2218.HK,False,,,,,,17.62,17.76,0.8,SizeC,4,0,1,273.0,155.0,54.0,3.37,0.35,0.93,0.9,1.1,1.05,1.17,1.07,1.23,1.11,1.34,1.15,1.53,1.22
2025-06-26,2315.HK,False,,,,,,22.16,22.6,2.0,SizeC,1,0,1,202.0,118.0,48.0,3.49,0.41,0.91,0.85,1.14,1.1,1.2,1.13,1.34,1.19,1.44,1.24,1.6,1.31
2025-06-26,2357.HK,False,,,,,,4.24,4.25,0.2,SizeC,3,0,1,1038.0,649.0,236.0,3.4,0.36,0.88,0.82,1.19,1.1,1.24,1.12,1.36,1.16,1.49,1.23,1.74,1.29
2025-06-26,2429.HK,False,,,,,,2.4,2.97,23.8,SizeC,4,0,1,176.0,111.0,41.0,3.35,0.37,0.88,0.81,1.16,1.08,1.18,1.09,1.26,1.12,1.35,1.19,1.6,1.25
2025-06-26,2469.HK,False,,,,,,2.25,2.48,10.2,SizeC,0,1,1,75.0,35.0,13.0,3.44,0.37,0.96,0.93,1.09,1.07,1.11,1.07,1.16,1.11,1.27,1.16,1.44,1.24
2025-06-26,2488.HK,False,,,,,,12.78,13.0,1.7,SizeC,5,0,1,281.0,178.0,53.0,3.33,0.3,0.92,0.87,1.11,1.07,1.17,1.09,1.26,1.14,1.42,1.19,1.63,1.32
2025-06-26,264.HK,False,,,,,,1.51,1.53,1.3,SizeC,1,0,1,207.0,120.0,49.0,3.45,0.41,0.92,0.86,1.14,1.08,1.17,1.1,1.26,1.14,1.43,1.22,1.62,1.28
2025-06-26,2722.HK,False,,,,,,1.19,1.12,-5.9,SizeC,0,2,1,149.0,76.0,27.0,3.44,0.36,0.94,0.9,1.09,1.08,1.14,1.1,1.21,1.14,1.35,1.22,1.62,1.32
2025-06-26,317.HK,False,,,,,,13.44,13.32,-0.9,SizeC,3,0,1,1384.0,817.0,305.0,3.41,0.37,0.9,0.84,1.16,1.1,1.2,1.1,1.29,1.16,1.42,1.22,1.59,1.31
2025-06-26,3669.HK,False,,,,,,2.22,2.09,-5.9,SizeC,0,1,1,247.0,155.0,52.0,3.38,0.34,0.89,0.84,1.16,1.09,1.19,1.11,1.26,1.15,1.32,1.18,1.47,1.24
2025-06-26,3898.HK,False,,,,,,31.7,29.86,-5.8,SizeC,1,0,1,243.0,150.0,51.0,3.38,0.34,0.92,0.87,1.14,1.07,1.16,1.1,1.26,1.16,1.48,1.22,1.63,1.29
2025-06-26,506.HK,False,,,,,,3.05,3.23,5.9,SizeC,0,1,1,82.0,44.0,16.0,3.39,0.36,0.93,0.9,1.1,1.07,1.12,1.06,1.16,1.08,1.21,1.12,1.44,1.19
2025-06-26,6826.HK,False,,,,,,24.86,25.9,4.2,SizeC,0,2,1,243.0,150.0,51.0,3.38,0.34,0.92,0.87,1.14,1.07,1.16,1.1,1.26,1.16,1.48,1.22,1.63,1.29
2025-06-26,6998.HK,False,,,,,,2.57,2.41,-6.2,SizeC,0,1,1,133.0,69.0,30.0,3.53,0.43,0.92,0.88,1.13,1.1,1.15,1.12,1.28,1.17,1.43,1.29,1.58,1.33
2025-06-26,9939.HK,False,,,,,,1.5,1.44,-4.0,SizeC,0,2,1,62.0,31.0,12.0,3.42,0.39,0.93,0.9,1.1,1.06,1.14,1.07,1.2,1.12,1.29,1.19,1.5,1.26
2025-06-25,165.HK,False,,,,,,6.78,7.6,12.1,SizeC,4,0,45,64.0,36.0,18.0,3.65,0.5,0.85,0.79,1.32,1.17,1.34,1.19,1.47,1.26,1.58,1.26,1.65,1.33
2025-06-25,2283.HK,False,,,,,,2.32,2.28,-1.7,SizeC,0,1,20,12.0,9.0,2.0,3.38,0.22,0.86,0.83,1.17,1.14,1.28,1.19,1.4,1.36,1.64,1.53,1.65,1.53
2025-06-25,366.HK,False,,,,,,0.87,0.9,3.4,SizeA,0,1,19,21.0,16.0,4.0,3.15,0.25,0.8,0.79,1.14,1.06,1.24,1.05,1.65,1.31,1.94,1.49,2.39,1.62
2025-06-25,3816.HK,False,,,,,,0.305,0.3,-1.6,SizeA,0,7,18,42.0,26.0,12.0,3.55,0.46,0.93,0.88,1.16,1.09,1.19,1.12,1.28,1.13,1.48,1.21,1.65,1.32
2025-06-25,1359.HK,False,,,,,,1.28,1.34,4.7,SizeC,0,1,18,11.0,8.0,1.0,3.01,0.12,0.81,0.81,1.13,1.07,1.09,1.01,1.15,1.11,1.24,1.11,1.36,1.14
2025-06-25,984.HK,True,,,,,,0.375,0.385,2.7,SizeA,0,2,16,47.0,24.0,19.0,3.86,0.79,0.87,0.74,1.22,1.13,1.36,1.2,1.48,1.34,2.03,1.45,2.95,1.71
2025-06-25,3174.HK,False,,,,,,3.044,3.118,2.4,SizeB,0,1,8,94.0,55.0,31.0,3.65,0.56,0.99,0.84,1.33,1.09,1.46,1.16,1.72,1.33,2.21,1.43,2.58,1.56
2025-06-25,2101.HK,False,,,,,,1.44,1.55,7.6,SizeB,1,0,6,33.0,14.0,16.0,4.1,1.14,0.86,0.79,1.27,1.08,1.28,1.09,1.52,1.14,1.91,1.15,2.09,1.16
2025-06-25,2208.HK,True,,,,,,7.39,7.17,-3.0,SizeC,1,0,6,27.0,14.0,8.0,3.83,0.57,0.91,0.86,1.25,1.11,1.35,1.29,1.4,1.31,1.49,1.39,1.55,1.48
2025-06-25,3036.HK,False,,,,,,588.8,611.0,3.8,SizeA,3,0,5,22.0,12.0,9.0,3.82,0.75,0.92,0.86,1.14,1.11,1.25,1.1,1.41,1.17,1.61,1.42,1.95,1.7
2025-06-25,8006.HK,False,,,,,,0.09,0.103,14.4,SizeA,1,0,5,24.0,11.0,10.0,4.0,0.91,0.92,0.88,1.16,1.09,1.23,1.12,1.39,1.14,1.67,1.28,2.52,2.03
2025-06-25,670.HK,False,,,,,,3.13,3.06,-2.2,SizeC,5,0,5,97.0,46.0,28.0,3.7,0.61,0.9,0.84,1.17,1.11,1.22,1.14,1.41,1.22,1.54,1.28,1.74,1.4
2025-06-25,1583.HK,False,,,,,,1.24,1.2,-3.2,SizeA,5,0,4,44.0,25.0,15.0,3.65,0.6,0.9,0.84,1.16,1.09,1.26,1.12,3.05,1.14,3.28,1.3,3.61,1.42
2025-06-25,1762.HK,False,,,,,,0.85,0.91,7.1,SizeC,3,0,4,15.0,10.0,3.0,3.32,0.3,0.88,0.83,1.23,1.07,1.42,1.12,1.47,1.16,1.51,1.24,2.09,1.41
2025-06-25,1769.HK,False,,,,,,4.01,3.69,-8.0,SizeC,0,1,4,46.0,24.0,18.0,3.83,0.75,0.86,0.79,1.21,1.14,1.2,1.15,1.32,1.25,1.39,1.27,1.75,1.34
2025-06-25,895.HK,True,,,,,,2.45,2.76,12.7,SizeC,0,2,4,28.0,15.0,8.0,3.79,0.53,0.91,0.86,1.24,1.11,1.34,1.29,1.39,1.3,1.48,1.38,1.54,1.47
2025-06-25,3021.HK,False,,,,,,9.2,9.52,3.5,SizeA,3,0,3,47.0,28.0,12.0,3.52,0.43,0.95,0.9,1.23,1.08,1.32,1.11,1.45,1.15,1.54,1.17,1.82,1.41
2025-06-25,1143.HK,False,,,,,,0.395,0.395,0.0,SizeC,0,1,3,889.0,536.0,213.0,3.46,0.4,0.88,0.81,1.2,1.12,1.24,1.13,1.35,1.19,1.5,1.25,1.71,1.32
2025-06-25,2068.HK,False,,,,,,2.06,2.22,7.8,SizeC,0,1,3,14.0,8.0,3.0,3.53,0.38,0.89,0.82,1.19,1.15,1.31,1.18,1.32,1.18,1.39,1.28,1.75,1.41
2025-06-25,3147.HK,False,,,,,,8.214,8.314,1.2,SizeC,0,1,3,46.0,27.0,13.0,3.55,0.48,0.86,0.79,1.25,1.16,1.28,1.12,1.38,1.14,1.54,1.15,1.68,1.28
2025-06-25,1351.HK,False,,,,,,0.34,0.35,2.9,SizeA,0,1,2,123.0,74.0,33.0,3.5,0.45,0.89,0.83,1.22,1.1,1.3,1.12,1.5,1.22,1.64,1.32,2.18,1.58
2025-06-25,1730.HK,False,,,,,,3.68,4.02,9.2,SizeB,3,0,2,17.0,6.0,10.0,4.64,1.67,0.82,0.71,1.25,1.15,1.3,1.11,1.5,1.11,1.64,1.26,2.0,1.27
2025-06-25,276.HK,False,,,,,,0.67,0.63,-6.0,SizeB,0,1,2,43.0,21.0,17.0,3.89,0.81,0.9,0.85,1.23,1.12,1.32,1.11,1.4,1.2,1.63,1.31,2.07,1.44
2025-06-25,2826.HK,True,,,,,,58.48,57.0,-2.5,SizeB,0,1,2,19.0,9.0,8.0,4.04,0.89,0.9,0.85,1.25,1.13,1.48,1.17,1.84,1.19,1.99,1.24,2.15,1.66
2025-06-25,3040.HK,False,,,,,,34.16,33.62,-1.6,SizeB,0,1,2,11.0,5.0,4.0,3.89,0.8,0.93,0.9,1.13,1.07,1.15,1.12,1.24,1.21,1.35,1.21,1.47,1.28
2025-06-25,3311.HK,False,,,,,,12.44,11.72,-5.8,SizeC,0,2,2,157.0,98.0,26.0,3.32,0.27,0.92,0.87,1.11,1.08,1.14,1.1,1.23,1.15,1.37,1.22,1.65,1.35
2025-06-25,6608.HK,False,,,,,,9.18,8.96,-2.4,SizeC,0,1,2,47.0,28.0,8.0,3.35,0.29,0.89,0.81,1.16,1.09,1.22,1.16,1.41,1.22,1.59,1.32,2.91,1.4
2025-06-25,8311.HK,False,,,,,,0.035,0.035,0.0,SizeA,1,0,1,223.0,117.0,56.0,3.51,0.48,0.92,0.88,1.17,1.07,1.21,1.08,1.31,1.18,1.55,1.27,1.96,1.49
2025-06-25,1786.HK,False,,,,,,0.83,0.91,9.6,SizeB,4,0,1,216.0,116.0,55.0,3.55,0.47,0.93,0.87,1.18,1.09,1.22,1.12,1.34,1.17,1.52,1.27,1.86,1.43
2025-06-25,3134.HK,False,,,,,,3.7,3.9,5.4,SizeB,0,1,1,216.0,116.0,55.0,3.55,0.47,0.93,0.87,1.18,1.09,1.22,1.12,1.34,1.17,1.52,1.27,1.86,1.43
2025-06-25,3145.HK,False,,,,,,12.97,13.08,0.8,SizeB,3,0,1,239.0,128.0,63.0,3.58,0.49,0.93,0.89,1.18,1.09,1.21,1.11,1.33,1.17,1.49,1.25,1.72,1.34
2025-06-25,6677.HK,False,,,,,,0.56,0.54,-3.6,SizeB,0,1,1,211.0,119.0,57.0,3.52,0.48,0.91,0.86,1.15,1.09,1.22,1.09,1.34,1.15,1.5,1.25,1.81,1.39
2025-06-25,1475.HK,False,,,,,,6.94,6.83,-1.6,SizeC,0,1,1,185.0,103.0,53.0,3.62,0.51,0.91,0.84,1.2,1.12,1.27,1.15,1.37,1.19,1.48,1.27,1.64,1.33
2025-06-25,1541.HK,False,,,,,,13.32,12.62,-5.3,SizeC,0,1,1,276.0,174.0,55.0,3.36,0.32,0.92,0.88,1.12,1.07,1.15,1.09,1.22,1.14,1.35,1.21,1.51,1.27
2025-06-25,1746.HK,False,,,,,,0.36,0.28,-22.2,SizeC,0,3,1,114.0,67.0,28.0,3.45,0.42,0.91,0.85,1.12,1.08,1.16,1.1,1.25,1.14,1.35,1.18,1.43,1.23
2025-06-25,2020.HK,False,,,,,,94.7,91.7,-3.2,SizeC,0,1,1,76.0,42.0,19.0,3.51,0.45,0.91,0.86,1.14,1.1,1.16,1.1,1.23,1.12,1.32,1.14,1.48,1.24
2025-06-25,2186.HK,False,,,,,,3.62,3.57,-1.4,SizeC,0,2,1,148.0,92.0,35.0,3.42,0.38,0.87,0.8,1.19,1.1,1.23,1.14,1.34,1.19,1.45,1.22,1.59,1.29
2025-06-25,2498.HK,False,,,,,,33.36,30.36,-9.0,SizeC,0,1,1,179.0,101.0,44.0,3.46,0.44,0.91,0.88,1.13,1.06,1.15,1.08,1.22,1.13,1.32,1.19,1.51,1.28
2025-06-25,2837.HK,False,,,,,,6.594,6.33,-4.0,SizeC,0,1,1,78.0,45.0,25.0,3.61,0.56,0.88,0.81,1.17,1.12,1.21,1.12,1.34,1.14,1.49,1.22,1.67,1.25
2025-06-25,291.HK,False,,,,,,24.76,26.0,5.0,SizeC,3,0,1,76.0,42.0,19.0,3.51,0.45,0.91,0.86,1.14,1.1,1.16,1.1,1.23,1.12,1.32,1.14,1.48,1.24
2025-06-25,3109.HK,False,,,,,,9.24,9.05,-2.1,SizeC,0,1,1,78.0,45.0,25.0,3.61,0.56,0.88,0.81,1.17,1.12,1.21,1.12,1.34,1.14,1.49,1.22,1.67,1.25
2025-06-25,3190.HK,False,,,,,,14.96,15.0,0.3,SizeC,0,1,1,371.0,210.0,91.0,3.5,0.43,0.9,0.84,1.18,1.1,1.25,1.13,1.38,1.2,1.58,1.28,1.78,1.35
2025-06-25,390.HK,False,,,,,,3.8,3.84,1.1,SizeC,0,1,1,57.0,32.0,12.0,3.52,0.38,0.93,0.89,1.16,1.1,1.23,1.15,1.33,1.23,1.62,1.28,1.7,1.36
2025-06-25,6655.HK,False,,,,,,8.85,9.5,7.3,SizeC,0,1,1,243.0,150.0,51.0,3.38,0.34,0.92,0.87,1.14,1.07,1.16,1.1,1.26,1.16,1.48,1.22,1.63,1.29
2025-06-25,6661.HK,False,,,,,,8.85,9.53,7.7,SizeC,0,1,1,243.0,150.0,51.0,3.38,0.34,0.92,0.87,1.14,1.07,1.16,1.1,1.26,1.16,1.48,1.22,1.63,1.29
2025-06-25,667.HK,False,,,,,,6.44,6.44,0.0,SizeC,4,0,1,226.0,136.0,55.0,3.48,0.4,0.92,0.88,1.13,1.09,1.16,1.11,1.24,1.16,1.36,1.24,1.53,1.32
2025-06-25,69.HK,False,,,,,,4.3,4.44,3.3,SizeC,0,1,1,243.0,150.0,51.0,3.38,0.34,0.92,0.87,1.14,1.07,1.16,1.1,1.26,1.16,1.48,1.22,1.63,1.29
2025-06-25,7234.HK,False,,,,,,3.728,3.816,2.4,SizeC,0,1,1,1038.0,649.0,236.0,3.4,0.36,0.88,0.82,1.19,1.1,1.24,1.12,1.36,1.16,1.49,1.23,1.74,1.29
2025-06-25,7288.HK,False,,,,,,3.402,3.164,-7.0,SizeC,0,1,1,1367.0,838.0,322.0,3.43,0.38,0.87,0.81,1.2,1.12,1.25,1.12,1.37,1.18,1.51,1.24,1.71,1.31
2025-06-25,763.HK,False,,,,,,24.1,23.6,-2.1,SizeC,0,1,1,78.0,45.0,25.0,3.61,0.56,0.88,0.81,1.17,1.12,1.21,1.12,1.34,1.14,1.49,1.22,1.67,1.25
2025-06-25,799.HK,False,,,,,,4.28,4.36,1.9,SizeC,0,1,1,281.0,178.0,53.0,3.33,0.3,0.92,0.87,1.11,1.07,1.17,1.09,1.26,1.14,1.42,1.19,1.63,1.32
2025-06-25,87.HK,False,,,,,,11.02,11.6,5.3,SizeC,4,0,1,276.0,174.0,55.0,3.36,0.32,0.92,0.88,1.12,1.07,1.15,1.09,1.22,1.14,1.35,1.21,1.51,1.27
2025-06-25,934.HK,False,,,,,,4.64,4.5,-3.0,SizeC,0,1,1,247.0,155.0,52.0,3.38,0.34,0.89,0.84,1.16,1.09,1.19,1.11,1.26,1.15,1.32,1.18,1.47,1.24
2025-06-25,9979.HK,False,,,,,,3.02,2.96,-2.0,SizeC,0,1,1,190.0,106.0,35.0,3.4,0.33,0.93,0.89,1.12,1.08,1.14,1.1,1.2,1.14,1.29,1.17,1.5,1.25
2025-06-25,9996.HK,False,,,,,,6.3,7.14,13.3,SizeC,0,2,1,371.0,210.0,91.0,3.5,0.43,0.9,0.84,1.18,1.1,1.25,1.13,1.38,1.2,1.58,1.28,1.78,1.35
2025-06-24,1357.HK,False,,,,,,8.29,8.39,1.2,SizeC,2,0,23,51.0,31.0,15.0,3.6,0.48,0.81,0.72,1.3,1.18,1.34,1.22,1.47,1.26,1.63,1.35,1.91,1.42
2025-06-24,262.HK,False,,,,,,0.07,0.067,-4.3,SizeA,0,3,10,35.0,19.0,14.0,3.89,0.74,0.92,0.9,1.19,1.12,1.23,1.13,1.39,1.2,2.57,1.24,3.03,1.31
2025-06-24,938.HK,False,,,,,,0.7,0.68,-2.9,SizeA,0,3,10,28.0,13.0,10.0,3.75,0.77,0.86,0.79,1.17,1.09,1.16,1.1,1.33,1.3,1.78,1.44,2.61,2.05
2025-06-24,2373.HK,False,,,,,,28.8,28.0,-2.8,SizeC,4,0,10,44.0,29.0,10.0,3.38,0.34,0.86,0.81,1.21,1.1,1.19,1.13,1.26,1.13,1.35,1.19,1.45,1.24
2025-06-24,2271.HK,False,,,,,,1.09,1.08,-0.9,SizeC,3,0,7,275.0,165.0,74.0,3.49,0.45,0.87,0.8,1.22,1.12,1.26,1.12,1.38,1.17,1.48,1.23,1.65,1.31
2025-06-24,556.HK,False,,,,,,0.32,0.32,0.0,SizeB,0,3,6,50.0,28.0,17.0,3.66,0.61,0.91,0.87,1.13,1.1,1.18,1.08,1.36,1.16,1.83,1.24,2.3,1.33
2025-06-24,9877.HK,False,,,,,,8.58,7.72,-10.0,SizeC,0,1,6,80.0,48.0,23.0,3.55,0.48,0.86,0.79,1.23,1.12,1.31,1.16,1.39,1.26,1.48,1.32,1.76,1.46
2025-06-24,114.HK,False,,,,,,0.53,0.55,3.8,SizeA,0,1,5,19.0,12.0,2.0,3.24,0.17,0.89,0.84,1.14,1.13,1.14,1.1,1.2,1.2,1.44,1.29,1.78,1.54
2025-06-24,1142.HK,False,,,,,,2.67,3.61,35.2,SizeB,2,0,5,39.0,19.0,14.0,3.89,0.74,0.89,0.84,1.27,1.16,1.34,1.15,1.87,1.17,2.27,1.37,2.71,1.45
2025-06-24,2600.HK,False,,,,,,5.3,5.45,2.8,SizeC,0,1,5,269.0,166.0,77.0,3.53,0.46,0.85,0.79,1.25,1.14,1.32,1.14,1.47,1.19,1.63,1.23,1.79,1.3
2025-06-24,3136.HK,False,,,,,,12.81,12.74,-0.5,SizeB,4,0,4,41.0,19.0,13.0,3.77,0.68,0.91,0.87,1.16,1.09,1.22,1.13,1.29,1.19,1.46,1.24,1.7,1.3
2025-06-24,3072.HK,False,,,,,,185.2,189.66,2.4,SizeA,2,0,3,39.0,27.0,8.0,3.33,0.3,0.89,0.84,1.13,1.07,1.17,1.12,1.53,1.24,1.93,1.31,2.36,1.5
2025-06-24,2738.HK,False,,,,,,0.305,0.285,-6.6,SizeB,0,1,3,45.0,20.0,16.0,3.91,0.8,0.9,0.84,1.22,1.12,1.23,1.15,1.34,1.19,1.49,1.25,1.69,1.38
2025-06-24,3128.HK,False,,,,,,56.16,55.9,-0.5,SizeB,2,0,3,71.0,35.0,29.0,3.85,0.83,0.87,0.78,1.3,1.14,1.34,1.1,1.44,1.16,1.65,1.25,1.93,1.46
2025-06-24,200.HK,False,,,,,,3.58,4.64,29.6,SizeC,4,0,3,275.0,174.0,71.0,3.44,0.41,0.87,0.8,1.19,1.11,1.24,1.12,1.33,1.15,1.44,1.22,1.56,1.29
2025-06-24,3086.HK,True,,,,,,45.14,46.58,3.2,SizeC,2,0,3,14.0,7.0,7.0,4.18,1.0,0.95,0.87,1.37,1.14,1.49,1.17,1.61,1.23,1.69,1.45,1.82,1.47
2025-06-24,2030.HK,False,,,,,,1.57,1.57,0.0,SizeB,0,1,2,47.0,24.0,16.0,3.74,0.67,1.09,0.86,1.36,1.09,1.47,1.12,1.68,1.15,2.19,1.28,2.42,1.45
2025-06-24,3172.HK,False,,,,,,20.06,20.32,1.3,SizeB,2,0,2,37.0,22.0,13.0,3.54,0.59,0.85,0.76,1.13,1.11,1.16,1.08,1.32,1.11,1.42,1.15,1.51,1.18
2025-06-24,51.HK,True,,,,,,3.98,4.08,2.5,SizeB,3,0,2,48.0,25.0,15.0,3.76,0.6,0.9,0.83,1.25,1.14,1.31,1.19,1.46,1.33,1.72,1.5,2.02,1.65
2025-06-24,88.HK,False,,,,,,3.21,3.31,3.1,SizeB,2,0,2,37.0,22.0,9.0,3.4,0.41,0.91,0.86,1.16,1.07,1.16,1.06,1.31,1.13,1.4,1.14,1.57,1.22
2025-06-24,522.HK,False,,,,,,55.5,57.86,4.3,SizeC,4,0,2,62.0,41.0,15.0,3.34,0.37,0.9,0.82,1.16,1.08,1.16,1.07,1.23,1.17,1.32,1.23,1.44,1.28
2025-06-24,7266.HK,False,,,,,,26.0,27.62,6.2,SizeC,2,0,2,1004.0,628.0,230.0,3.41,0.37,0.88,0.82,1.19,1.1,1.24,1.12,1.37,1.16,1.49,1.23,1.71,1.3
2025-06-24,1631.HK,False,,,,,,0.46,0.72,56.5,SizeB,1,0,1,276.0,178.0,69.0,3.36,0.39,0.9,0.85,1.1,1.06,1.12,1.06,1.18,1.09,1.35,1.13,1.71,1.22
2025-06-24,1637.HK,False,,,,,,0.35,0.63,80.0,SizeB,0,1,1,216.0,121.0,72.0,3.6,0.6,0.86,0.78,1.21,1.1,1.25,1.12,1.39,1.21,1.54,1.32,2.1,1.63
2025-06-24,3119.HK,False,,,,,,66.9,69.24,3.5,SizeB,2,0,1,200.0,119.0,54.0,3.47,0.45,0.9,0.85,1.16,1.08,1.21,1.09,1.31,1.13,1.5,1.21,1.85,1.39
2025-06-24,6811.HK,False,,,,,,0.91,0.93,2.2,SizeB,1,0,1,266.0,171.0,67.0,3.38,0.39,0.9,0.84,1.11,1.07,1.14,1.08,1.22,1.11,1.38,1.18,1.6,1.25
2025-06-24,1113.HK,False,,,,,,34.76,34.76,0.0,SizeC,3,0,1,1367.0,838.0,322.0,3.43,0.38,0.87,0.81,1.2,1.12,1.25,1.12,1.37,1.18,1.51,1.24,1.71,1.31
2025-06-24,1258.HK,False,,,,,,7.05,7.27,3.1,SizeC,4,0,1,917.0,559.0,234.0,3.48,0.42,0.87,0.8,1.21,1.12,1.28,1.14,1.4,1.19,1.53,1.26,1.76,1.32
2025-06-24,1763.HK,False,,,,,,15.6,14.76,-5.4,SizeC,0,1,1,371.0,210.0,91.0,3.5,0.43,0.9,0.84,1.18,1.1,1.25,1.13,1.38,1.2,1.58,1.28,1.78,1.35
2025-06-24,1772.HK,False,,,,,,22.06,24.4,10.6,SizeC,3,0,1,218.0,135.0,53.0,3.46,0.39,0.89,0.84,1.15,1.11,1.19,1.12,1.28,1.16,1.36,1.19,1.49,1.24
2025-06-24,3309.HK,False,,,,,,1.78,1.82,2.2,SizeC,2,0,1,235.0,143.0,46.0,3.35,0.32,0.93,0.89,1.09,1.06,1.14,1.08,1.21,1.14,1.32,1.2,1.57,1.34
2025-06-24,345.HK,False,,,,,,9.36,9.22,-1.5,SizeC,0,2,1,224.0,146.0,51.0,3.26,0.35,0.83,0.79,1.24,1.06,1.25,1.06,1.29,1.08,1.4,1.13,1.58,1.17
2025-06-24,3700.HK,False,,,,,,1.2,1.17,-2.5,SizeC,0,1,1,99.0,55.0,22.0,3.48,0.4,0.92,0.88,1.12,1.09,1.15,1.11,1.22,1.17,1.35,1.26,1.57,1.31
2025-06-24,434.HK,False,,,,,,5.32,5.97,12.2,SizeC,2,0,1,76.0,42.0,19.0,3.51,0.45,0.91,0.86,1.14,1.1,1.16,1.1,1.23,1.12,1.32,1.14,1.48,1.24
2025-06-24,710.HK,False,,,,,,6.9,6.12,-11.3,SizeC,2,0,1,371.0,210.0,91.0,3.5,0.43,0.9,0.84,1.18,1.1,1.25,1.13,1.38,1.2,1.58,1.28,1.78,1.35
2025-06-24,8349.HK,False,,,,,,2.43,2.38,-2.1,SizeC,0,2,1,334.0,185.0,81.0,3.51,0.44,0.93,0.89,1.15,1.08,1.18,1.1,1.29,1.17,1.43,1.26,1.67,1.37
2025-06-24,9636.HK,False,,,,,,43.0,41.4,-3.7,SizeC,3,0,1,46.0,17.0,13.0,3.9,0.76,0.95,0.92,1.12,1.09,1.14,1.13,1.21,1.17,1.29,1.23,1.4,1.33
2025-06-24,9658.HK,False,,,,,,43.0,41.4,-3.7,SizeC,3,0,1,46.0,17.0,13.0,3.9,0.76,0.95,0.92,1.12,1.09,1.14,1.13,1.21,1.17,1.29,1.23,1.4,1.33
2025-06-24,9666.HK,False,,,,,,6.89,6.76,-1.9,SizeC,3,0,1,80.0,50.0,19.0,3.35,0.38,0.88,0.82,1.11,1.07,1.14,1.08,1.2,1.13,1.41,1.19,1.71,1.25
2025-06-23,2257.HK,True,,,,,,4.52,5.59,23.7,SizeC,3,0,31,26.0,11.0,12.0,4.43,1.09,0.88,0.85,1.33,1.24,1.61,1.25,1.79,1.44,2.04,1.48,2.51,1.7
2025-06-23,2270.HK,False,,,,,,1.54,1.58,2.6,SizeA,0,2,14,49.0,23.0,18.0,3.69,0.78,0.84,0.77,1.27,1.06,1.29,1.08,1.41,1.15,1.75,1.33,3.05,1.52
2025-06-23,8281.HK,False,,,,,,0.061,0.07,14.8,SizeA,0,3,11,10.0,4.0,3.0,3.85,0.75,0.89,0.82,1.32,1.08,1.45,1.2,1.55,1.41,1.66,1.45,3.07,1.75
2025-06-23,2086.HK,False,,,,,,0.455,0.57,25.3,SizeA,2,0,3,14.0,6.0,6.0,3.95,1.0,0.89,0.78,1.27,1.09,1.24,1.08,1.33,1.13,1.46,1.35,1.84,1.76
2025-06-23,2376.HK,False,,,,,,2.15,2.0,-7.0,SizeA,2,0,3,89.0,48.0,26.0,3.6,0.54,0.89,0.83,1.21,1.09,1.27,1.14,1.48,1.25,1.79,1.38,2.35,1.66
2025-06-23,183.HK,False,,,,,,0.25,0.295,18.0,SizeA,2,0,2,11.0,7.0,4.0,3.75,0.57,0.94,0.92,1.26,1.13,1.28,1.13,1.42,1.17,1.51,1.25,1.91,1.41
2025-06-23,867.HK,False,,,,,,11.62,12.28,5.7,SizeC,3,0,2,877.0,536.0,226.0,3.48,0.42,0.87,0.8,1.22,1.12,1.28,1.14,1.4,1.2,1.54,1.26,1.75,1.32
2025-06-23,3185.HK,False,,,,,,47.12,50.12,6.4,SizeB,3,0,1,204.0,128.0,57.0,3.44,0.45,0.88,0.81,1.19,1.11,1.22,1.07,1.32,1.13,1.53,1.26,1.82,1.39
2025-06-23,533.HK,True,,,,,,0.96,0.98,2.1,SizeB,0,1,1,239.0,129.0,85.0,3.76,0.66,0.86,0.78,1.3,1.14,1.43,1.18,1.86,1.33,2.23,1.47,2.95,2.0
2025-06-23,9913.HK,False,,,,,,2.72,2.69,-1.1,SizeB,0,1,1,208.0,117.0,59.0,3.46,0.5,0.88,0.81,1.16,1.08,1.2,1.07,1.29,1.13,1.4,1.19,1.58,1.3
2025-06-23,9916.HK,False,,,,,,2.72,2.69,-1.1,SizeB,0,1,1,208.0,117.0,59.0,3.46,0.5,0.88,0.81,1.16,1.08,1.2,1.07,1.29,1.13,1.4,1.19,1.58,1.3
2025-06-23,933.HK,False,,,,,,0.395,0.45,13.9,SizeC,1,0,1,126.0,65.0,20.0,3.34,0.31,0.96,0.94,1.07,1.04,1.11,1.05,1.19,1.06,1.26,1.11,1.38,1.19
2025-06-20,1747.HK,True,,,,,,1.02,2.71,165.7,SizeA,0,2,56,27.0,16.0,8.0,3.66,0.5,0.9,0.86,1.2,1.11,1.24,1.19,1.44,1.31,2.4,1.43,3.4,1.68
2025-06-20,2363.HK,False,,,,,,0.39,0.34,-12.8,SizeA,0,3,25,40.0,25.0,12.0,3.55,0.48,0.89,0.84,1.19,1.09,1.25,1.14,1.37,1.22,1.59,1.29,3.13,1.66
2025-06-20,2177.HK,False,,,,,,3.83,2.8,-26.9,SizeB,0,1,8,41.0,20.0,17.0,3.76,0.85,0.87,0.78,1.17,1.08,1.19,1.05,1.23,1.12,1.32,1.17,1.75,1.31
2025-06-20,1897.HK,False,,,,,,0.485,0.485,0.0,SizeA,0,1,6,21.0,15.0,5.0,3.37,0.33,0.82,0.74,1.24,1.15,1.3,1.15,1.54,1.36,2.25,1.65,4.55,1.94
2025-06-20,2299.HK,False,,,,,,4.59,4.49,-2.2,SizeA,0,2,6,25.0,13.0,6.0,3.65,0.46,0.88,0.83,1.34,1.17,1.34,1.19,1.55,1.32,1.99,1.38,2.87,1.44
2025-06-20,1629.HK,False,,,,,,0.135,0.125,-7.4,SizeA,0,1,4,15.0,6.0,8.0,4.42,1.33,0.91,0.86,1.24,1.12,1.21,1.11,1.7,1.12,2.11,1.19,3.51,1.45
2025-06-20,6939.HK,False,,,,,,0.48,0.48,0.0,SizeA,0,1,2,69.0,35.0,21.0,3.67,0.6,0.94,0.9,1.13,1.06,1.21,1.11,1.28,1.2,1.41,1.27,1.92,1.44
2025-06-20,184.HK,False,,,,,,2.3,2.25,-2.2,SizeB,0,4,1,359.0,214.0,111.0,3.53,0.52,0.91,0.86,1.12,1.07,1.13,1.08,1.21,1.1,1.39,1.16,1.62,1.24
2025-06-20,2442.HK,False,,,,,,1.29,1.39,7.8,SizeB,0,1,1,265.0,144.0,75.0,3.56,0.52,0.89,0.83,1.18,1.1,1.22,1.11,1.33,1.16,1.5,1.25,1.92,1.43
2025-06-20,2501.HK,False,,,,,,0.86,0.95,10.5,SizeB,0,3,1,483.0,297.0,133.0,3.47,0.45,0.92,0.87,1.12,1.07,1.14,1.08,1.21,1.11,1.36,1.16,1.65,1.23
2025-06-20,3152.HK,False,,,,,,1099.3,1100.0,0.1,SizeB,3,0,1,281.0,150.0,87.0,3.61,0.58,0.87,0.82,1.19,1.1,1.23,1.11,1.39,1.15,1.56,1.23,1.79,1.36
2025-06-20,3623.HK,False,,,,,,1.14,1.11,-2.6,SizeB,0,1,1,210.0,110.0,63.0,3.62,0.57,0.92,0.87,1.15,1.08,1.21,1.1,1.29,1.16,1.48,1.3,1.81,1.39
2025-06-19,9882.HK,False,,,,,,0.66,0.6,-9.1,SizeA,0,7,4,45.0,22.0,14.0,3.74,0.64,0.92,0.85,1.19,1.1,1.23,1.15,1.4,1.22,1.66,1.35,2.66,1.66
2025-06-19,1221.HK,False,,,,,,1.4,1.4,0.0,SizeA,0,4,1,133.0,79.0,40.0,3.56,0.51,0.91,0.86,1.13,1.07,1.22,1.12,1.9,1.19,2.13,1.35,2.53,1.57
2025-06-19,8321.HK,False,,,,,,0.242,0.24,-0.8,SizeA,0,2,1,665.0,396.0,179.0,3.43,0.45,0.87,0.8,1.2,1.08,1.27,1.1,1.49,1.18,1.81,1.3,3.56,1.51
2025-06-19,3161.HK,False,,,,,,114.35,114.8,0.4,SizeB,0,3,1,226.0,129.0,65.0,3.52,0.5,0.9,0.84,1.16,1.09,1.19,1.09,1.28,1.16,1.5,1.25,1.79,1.37
2025-06-18,1496.HK,False,,,,,,0.155,0.163,5.2,SizeA,3,0,31,15.0,6.0,8.0,4.42,1.33,0.91,0.86,1.24,1.12,1.21,1.11,1.7,1.12,2.11,1.19,3.51,1.45
2025-06-18,205.HK,False,,,,,,0.158,0.4,153.2,SizeA,4,0,10,44.0,21.0,17.0,3.89,0.81,0.91,0.85,1.21,1.1,1.29,1.13,1.59,1.19,1.79,1.33,2.41,1.63
2025-06-18,8132.HK,False,,,,,,0.06,0.041,-31.7,SizeA,0,3,7,20.0,11.0,5.0,3.57,0.45,0.84,0.75,1.14,1.2,1.2,1.17,1.41,1.3,1.85,1.35,2.68,1.86
2025-06-18,2340.HK,False,,,,,,0.179,0.175,-2.2,SizeA,0,1,4,95.0,57.0,30.0,3.59,0.53,0.86,0.8,1.33,1.12,1.43,1.14,1.65,1.32,2.01,1.42,2.9,1.65
2025-06-18,8347.HK,False,,,,,,0.114,0.108,-5.3,SizeA,0,1,4,27.0,18.0,5.0,3.27,0.28,0.91,0.84,1.17,1.06,1.19,1.09,1.28,1.15,1.73,1.29,2.11,1.67
2025-06-18,6928.HK,False,,,,,,0.192,0.355,84.9,SizeB,0,1,3,35.0,14.0,14.0,4.17,1.0,0.93,0.89,1.31,1.14,1.52,1.14,1.63,1.18,1.72,1.27,3.36,1.42
2025-06-18,6929.HK,False,,,,,,0.192,0.355,84.9,SizeB,0,1,3,35.0,14.0,14.0,4.17,1.0,0.93,0.89,1.31,1.14,1.52,1.14,1.63,1.18,1.72,1.27,3.36,1.42
2025-06-18,1000.HK,False,,,,,,0.73,0.64,-12.3,SizeA,0,1,1,268.0,141.0,65.0,3.51,0.46,0.95,0.91,1.14,1.06,1.18,1.08,1.3,1.16,1.52,1.25,1.81,1.4
2025-06-18,1385.HK,False,,,,,,29.0,27.2,-6.2,SizeC,0,2,1,43.0,20.0,12.0,3.71,0.6,0.94,0.88,1.14,1.1,1.19,1.13,1.26,1.2,1.42,1.3,1.62,1.33
2025-06-18,2342.HK,False,,,,,,1.77,1.75,-1.1,SizeC,0,1,1,905.0,532.0,213.0,3.46,0.4,0.9,0.83,1.18,1.11,1.22,1.12,1.34,1.16,1.47,1.24,1.65,1.31
2025-06-17,6119.HK,False,,,,,,0.295,0.315,6.8,SizeA,1,0,14,37.0,24.0,9.0,3.27,0.38,0.87,0.76,1.1,1.06,1.17,1.07,1.31,1.11,2.06,1.13,2.98,1.31
2025-06-17,8668.HK,True,,,,,,0.073,0.073,0.0,SizeA,0,1,4,19.0,12.0,7.0,3.87,0.58,0.93,0.89,1.22,1.12,1.32,1.28,3.48,1.31,3.69,1.36,6.19,1.4
2025-06-17,1920.HK,False,,,,,,0.38,0.355,-6.6,SizeB,0,3,2,48.0,30.0,12.0,3.43,0.4,0.92,0.88,1.14,1.06,1.16,1.09,1.26,1.2,1.37,1.3,1.67,1.44
2025-06-17,2480.HK,False,,,,,,24.96,24.1,-3.4,SizeB,0,1,2,126.0,66.0,44.0,3.74,0.67,0.95,0.81,1.31,1.12,1.42,1.14,1.6,1.21,1.95,1.36,2.21,1.55
2025-06-17,2282.HK,False,,,,,,11.44,14.0,22.4,SizeC,0,1,2,623.0,389.0,154.0,3.44,0.4,0.87,0.8,1.21,1.12,1.26,1.12,1.39,1.15,1.52,1.22,1.69,1.3
2025-06-17,131.HK,False,,,,,,1.5,1.51,0.7,SizeA,0,1,1,329.0,204.0,79.0,3.39,0.39,0.89,0.83,1.18,1.07,1.22,1.1,1.36,1.16,1.63,1.28,2.27,1.48
2025-06-17,216.HK,False,,,,,,0.61,0.57,-6.6,SizeA,0,3,1,166.0,98.0,47.0,3.53,0.48,0.93,0.89,1.16,1.07,1.2,1.09,1.34,1.16,1.46,1.22,1.65,1.33
2025-06-17,294.HK,False,,,,,,0.89,0.94,5.6,SizeA,0,3,1,60.0,34.0,19.0,3.57,0.56,0.91,0.86,1.19,1.08,1.19,1.07,1.39,1.12,1.79,1.32,2.34,1.53
2025-06-16,1683.HK,True,,,,,,0.91,0.83,-8.8,SizeC,0,1,23,48.0,23.0,18.0,3.99,0.78,0.88,0.83,1.23,1.16,1.39,1.22,1.63,1.31,1.97,1.45,2.39,1.65
2025-06-16,9978.HK,False,,,,,,0.067,0.065,-3.0,SizeA,0,1,6,15.0,9.0,4.0,3.47,0.44,0.86,0.82,1.16,1.07,1.2,1.14,1.36,1.14,1.58,1.33,1.7,1.7
2025-06-16,1102.HK,False,,,,,,0.049,0.056,14.3,SizeB,1,0,1,221.0,123.0,65.0,3.58,0.53,0.91,0.86,1.15,1.09,1.2,1.1,1.33,1.17,1.47,1.22,1.8,1.44
2025-06-16,1202.HK,False,,,,,,0.62,0.54,-12.9,SizeB,0,1,1,226.0,127.0,67.0,3.57,0.53,0.87,0.79,1.2,1.12,1.28,1.13,1.42,1.21,1.59,1.33,2.06,1.61
2025-06-13,467.HK,False,,,,,,0.54,0.53,-1.9,SizeC,3,0,8,88.0,62.0,14.0,3.23,0.23,0.86,0.81,1.19,1.1,1.19,1.09,1.26,1.12,1.36,1.14,1.46,1.18
2025-06-13,7299.HK,False,,,,,,17.96,16.92,-5.8,SizeC,0,1,8,113.0,70.0,35.0,3.59,0.5,0.84,0.79,1.26,1.15,1.27,1.15,1.37,1.21,1.54,1.26,1.63,1.3
2025-06-13,7300.HK,False,,,,,,17.96,16.94,-5.7,SizeC,0,1,8,113.0,70.0,35.0,3.59,0.5,0.84,0.79,1.26,1.15,1.27,1.15,1.37,1.21,1.54,1.26,1.63,1.3
2025-06-13,8187.HK,False,,,,,,0.89,0.63,-29.2,SizeB,0,2,6,33.0,12.0,15.0,4.33,1.25,0.86,0.82,1.26,1.16,1.24,1.1,1.35,1.29,1.43,1.39,2.05,1.46
2025-06-13,1480.HK,False,,,,,,0.98,1.01,3.1,SizeA,1,0,3,45.0,22.0,14.0,3.74,0.64,0.92,0.85,1.19,1.1,1.23,1.15,1.4,1.22,1.66,1.35,2.66,1.66
2025-06-13,1451.HK,True,,,,,,0.92,1.01,9.8,SizeB,0,1,3,75.0,33.0,30.0,4.07,0.91,0.87,0.8,1.29,1.13,1.56,1.23,2.33,1.27,2.57,1.49,3.23,1.75
2025-06-13,8047.HK,False,,,,,,0.03,0.025,-16.7,SizeB,0,1,2,44.0,27.0,8.0,3.32,0.3,0.89,0.85,1.14,1.07,1.19,1.1,1.27,1.14,1.36,1.23,1.47,1.27
2025-06-13,1355.HK,False,,,,,,0.104,0.11,5.8,SizeB,2,0,1,230.0,129.0,59.0,3.51,0.46,0.9,0.85,1.19,1.09,1.2,1.11,1.35,1.21,1.59,1.35,1.98,1.5
2025-06-13,2100.HK,False,,,,,,0.46,0.53,15.2,SizeB,3,0,1,51.0,22.0,13.0,3.62,0.59,0.94,0.92,1.09,1.05,1.14,1.06,1.22,1.11,1.31,1.18,1.42,1.28
2025-06-12,9918.HK,False,,,,,,1.12,1.12,0.0,SizeA,0,2,26,23.0,11.0,10.0,4.04,0.91,0.9,0.85,1.22,1.15,1.24,1.13,1.37,1.18,1.86,1.46,2.26,1.92
2025-06-12,8062.HK,True,,,,,,0.365,0.3,-17.8,SizeA,0,1,17,35.0,19.0,12.0,3.8,0.63,0.91,0.85,1.32,1.15,1.35,1.17,1.68,1.41,1.84,1.65,2.54,1.91
2025-06-12,1587.HK,False,,,,,,0.57,0.57,0.0,SizeA,2,0,6,43.0,21.0,14.0,3.86,0.67,0.94,0.9,1.27,1.1,1.38,1.19,1.48,1.32,1.59,1.41,2.11,1.64
2025-06-11,6996.HK,True,,,,,,4.15,2.87,-30.8,SizeC,4,0,4,97.0,56.0,29.0,3.62,0.52,0.87,0.8,1.24,1.13,1.36,1.17,1.44,1.26,1.52,1.32,1.77,1.46
2025-06-11,2863.HK,False,,,,,,0.335,0.35,4.5,SizeA,0,3,3,21.0,9.0,10.0,4.15,1.11,0.92,0.86,1.18,1.05,1.29,1.13,1.43,1.23,1.55,1.36,2.48,1.59
2025-06-11,8375.HK,False,,,,,,5.15,4.45,-13.6,SizeC,0,1,2,651.0,389.0,157.0,3.44,0.4,0.89,0.83,1.18,1.1,1.22,1.11,1.32,1.16,1.44,1.22,1.6,1.29
2025-06-11,6919.HK,False,,,,,,3.8,3.71,-2.4,SizeB,1,0,1,210.0,131.0,61.0,3.41,0.47,0.85,0.78,1.16,1.08,1.17,1.08,1.28,1.12,1.41,1.21,1.78,1.36
2025-06-10,2239.HK,False,,,,,,1.06,0.9,-15.1,SizeA,0,2,28,49.0,32.0,17.0,3.57,0.53,0.89,0.82,1.3,1.1,1.41,1.12,1.61,1.27,1.77,1.43,2.53,1.69
2025-06-10,2126.HK,False,,,,,,2.11,2.84,34.6,SizeC,3,0,23,19.0,10.0,5.0,3.56,0.5,0.87,0.81,1.19,1.14,1.5,1.11,1.56,1.16,1.62,1.24,1.8,1.27
2025-06-10,632.HK,False,,,,,,0.7,0.59,-15.7,SizeC,0,1,14,48.0,27.0,14.0,3.55,0.52,0.89,0.84,1.15,1.09,1.16,1.1,1.23,1.15,1.33,1.26,1.58,1.36
2025-06-10,9699.HK,False,,,,,,15.08,16.74,11.0,SizeC,0,2,8,142.0,84.0,41.0,3.57,0.49,0.87,0.79,1.23,1.14,1.25,1.15,1.36,1.24,1.48,1.27,1.59,1.31
2025-06-10,837.HK,False,,,,,,5.9,5.86,-0.7,SizeB,1,0,1,205.0,113.0,62.0,3.59,0.55,0.88,0.82,1.18,1.1,1.23,1.12,1.34,1.16,1.54,1.26,1.92,1.36
2025-06-10,1302.HK,False,,,,,,1.69,2.04,20.7,SizeC,3,0,1,1495.0,905.0,333.0,3.41,0.37,0.89,0.83,1.18,1.1,1.21,1.11,1.31,1.14,1.43,1.22,1.62,1.28
2025-06-10,245.HK,False,,,,,,1.36,1.04,-23.5,SizeC,1,0,1,334.0,185.0,81.0,3.51,0.44,0.93,0.89,1.15,1.08,1.18,1.1,1.29,1.17,1.43,1.26,1.67,1.37
2025-06-10,3808.HK,False,,,,,,20.0,23.9,19.5,SizeC,1,0,1,76.0,42.0,19.0,3.51,0.45,0.91,0.86,1.14,1.1,1.16,1.1,1.23,1.12,1.32,1.14,1.48,1.24
2025-06-09,1269.HK,False,,,,,,0.043,0.038,-11.6,SizeA,0,1,18,13.0,7.0,5.0,3.76,0.71,0.87,0.78,1.14,1.07,1.42,1.2,1.52,1.33,1.78,1.76,2.24,1.76
2025-06-09,564.HK,False,,,,,,15.66,14.5,-7.4,SizeC,4,0,3,37.0,22.0,9.0,3.47,0.41,0.89,0.82,1.28,1.1,1.34,1.14,1.47,1.22,1.57,1.31,1.71,1.53
2025-06-09,2161.HK,False,,,,,,2.58,3.31,28.3,SizeC,3,0,2,155.0,86.0,41.0,3.57,0.48,0.92,0.87,1.16,1.09,1.21,1.13,1.32,1.2,1.41,1.23,1.57,1.37
2025-06-09,8003.HK,False,,,,,,0.144,0.14,-2.8,SizeA,3,0,1,433.0,261.0,117.0,3.39,0.45,0.85,0.77,1.21,1.08,1.26,1.09,1.45,1.18,1.74,1.29,3.64,1.48
2025-06-09,154.HK,False,,,,,,0.49,0.59,20.4,SizeB,0,1,1,239.0,128.0,63.0,3.58,0.49,0.93,0.89,1.18,1.09,1.21,1.11,1.33,1.17,1.49,1.25,1.72,1.34
2025-06-09,1586.HK,False,,,,,,2.45,2.74,11.8,SizeB,0,1,1,55.0,27.0,18.0,3.76,0.67,0.91,0.89,1.19,1.09,1.22,1.11,1.35,1.16,1.61,1.31,2.07,1.47
2025-06-09,2306.HK,False,,,,,,2.35,3.02,28.5,SizeC,1,0,1,202.0,118.0,48.0,3.49,0.41,0.91,0.85,1.14,1.1,1.2,1.13,1.34,1.19,1.44,1.24,1.6,1.31
2025-06-09,3626.HK,False,,,,,,13.56,9.31,-31.3,SizeC,0,1,1,690.0,426.0,154.0,3.42,0.36,0.89,0.83,1.18,1.11,1.22,1.12,1.33,1.15,1.46,1.23,1.64,1.29
2025-06-06,2025.HK,False,,,,,,3.46,4.09,18.2,SizeB,0,1,6,58.0,31.0,19.0,3.66,0.61,0.91,0.84,1.22,1.11,1.22,1.1,1.3,1.15,1.38,1.22,1.67,1.35
2025-06-06,3056.HK,False,,,,,,20.3,22.66,11.6,SizeB,1,0,5,43.0,24.0,15.0,3.62,0.62,0.9,0.84,1.11,1.06,1.13,1.1,1.2,1.12,1.45,1.19,2.0,1.34
2025-06-06,2481.HK,False,,,,,,2.5,3.27,30.8,SizeB,0,1,2,179.0,90.0,59.0,3.71,0.66,0.9,0.84,1.2,1.1,1.27,1.11,1.4,1.19,1.64,1.25,2.15,1.49
2025-06-06,2482.HK,False,,,,,,2.5,3.27,30.8,SizeB,0,1,2,179.0,90.0,59.0,3.71,0.66,0.9,0.84,1.2,1.1,1.27,1.11,1.4,1.19,1.64,1.25,2.15,1.49
2025-06-06,1088.HK,False,,,,,,33.8,30.86,-8.7,SizeC,0,1,2,1004.0,628.0,230.0,3.41,0.37,0.88,0.82,1.19,1.1,1.24,1.12,1.37,1.16,1.49,1.23,1.71,1.3
2025-06-06,9857.HK,False,,,,,,2.48,3.23,30.2,SizeB,1,0,1,233.0,135.0,80.0,3.56,0.59,0.87,0.8,1.15,1.09,1.18,1.08,1.3,1.12,1.49,1.22,1.92,1.41
2025-06-05,3132.HK,False,,,,,,25.28,27.96,10.6,SizeB,0,1,6,32.0,17.0,11.0,3.71,0.65,0.88,0.81,1.19,1.1,1.41,1.15,1.79,1.16,2.03,1.27,2.43,1.35
2025-06-05,212.HK,False,,,,,,25.2,25.5,1.2,SizeA,0,1,5,12.0,8.0,2.0,3.32,0.25,0.9,0.83,1.12,1.13,1.14,1.11,1.18,1.2,1.55,1.27,2.1,1.75
2025-06-05,2235.HK,True,,,,,,6.2,6.06,-2.3,SizeB,0,1,5,12.0,7.0,4.0,3.81,0.57,0.9,0.83,1.29,1.17,1.62,1.24,2.0,1.48,2.02,1.48,2.02,1.48
2025-06-05,8049.HK,True,,,,,,2.33,2.17,-6.9,SizeB,3,0,4,46.0,19.0,20.0,4.27,1.05,0.92,0.88,1.2,1.15,1.21,1.19,1.28,1.21,1.43,1.28,2.05,1.44
2025-06-05,3969.HK,False,,,,,,3.26,3.27,0.3,SizeC,4,0,1,76.0,42.0,19.0,3.51,0.45,0.91,0.86,1.14,1.1,1.16,1.1,1.23,1.12,1.32,1.14,1.48,1.24
2025-06-05,3978.HK,False,,,,,,3.26,3.28,0.6,SizeC,4,0,1,76.0,42.0,19.0,3.51,0.45,0.91,0.86,1.14,1.1,1.16,1.1,1.23,1.12,1.32,1.14,1.48,1.24
2025-06-04,8291.HK,False,,,,,,0.068,0.089,30.9,SizeA,0,3,10,22.0,13.0,7.0,3.54,0.54,0.89,0.84,1.18,1.06,1.25,1.1,1.34,1.12,1.58,1.2,2.34,1.87
2025-06-04,1939.HK,False,,,,,,1.33,4.06,205.3,SizeB,0,1,3,34.0,21.0,12.0,3.65,0.57,0.89,0.82,1.31,1.13,1.65,1.13,1.84,1.46,2.58,1.57,2.8,1.68
2025-06-04,22.HK,False,,,,,,0.19,0.195,2.6,SizeB,1,0,2,20.0,10.0,4.0,3.49,0.4,0.95,0.92,1.16,1.08,1.3,1.09,1.38,1.23,1.43,1.25,1.64,1.29
2025-06-04,1682.HK,False,,,,,,0.132,0.134,1.5,SizeB,0,6,1,204.0,128.0,54.0,3.39,0.42,0.9,0.84,1.14,1.06,1.16,1.07,1.27,1.11,1.44,1.19,1.7,1.31
2025-06-04,8646.HK,False,,,,,,0.3,0.26,-13.3,SizeB,0,1,1,216.0,116.0,55.0,3.55,0.47,0.93,0.87,1.18,1.09,1.22,1.12,1.34,1.17,1.52,1.27,1.86,1.43
2025-06-04,1896.HK,False,,,,,,7.56,7.26,-4.0,SizeC,0,1,1,268.0,156.0,58.0,3.41,0.37,0.92,0.86,1.13,1.08,1.15,1.1,1.22,1.14,1.37,1.22,1.64,1.32
2025-06-04,38.HK,False,,,,,,6.7,6.86,2.4,SizeC,3,0,1,123.0,66.0,20.0,3.34,0.3,0.94,0.91,1.1,1.06,1.14,1.07,1.21,1.14,1.35,1.2,1.54,1.3
2025-06-03,8200.HK,False,,,,,,0.495,0.47,-5.1,SizeA,0,1,5,89.0,52.0,27.0,3.57,0.52,0.88,0.81,1.24,1.11,1.28,1.13,1.48,1.16,1.78,1.31,2.27,1.55
2025-06-03,575.HK,False,,,,,,1.08,0.93,-13.9,SizeA,2,0,1,220.0,127.0,60.0,3.44,0.47,0.89,0.82,1.17,1.06,1.22,1.09,1.59,1.14,1.83,1.27,2.39,1.46
2025-06-02,2489.HK,True,,,,,,1.71,1.55,-9.4,SizeC,4,0,20,46.0,24.0,17.0,3.87,0.71,0.86,0.8,1.25,1.2,1.35,1.16,1.47,1.26,1.55,1.35,1.72,1.46
2025-06-02,2105.HK,False,,,,,,19.16,16.62,-13.3,SizeC,4,0,4,586.0,350.0,144.0,3.47,0.41,0.87,0.8,1.21,1.13,1.25,1.13,1.36,1.2,1.49,1.25,1.66,1.32
2025-05-30,3773.HK,False,,,,,,1.43,1.33,-7.0,SizeB,0,1,9,22.0,14.0,6.0,3.33,0.43,0.82,0.74,1.13,1.08,1.16,1.08,1.24,1.14,1.49,1.16,1.89,1.34
2025-05-30,1125.HK,False,,,,,,1.13,1.07,-5.3,SizeA,0,1,2,38.0,25.0,10.0,3.39,0.4,0.88,0.83,1.18,1.1,1.14,1.06,1.25,1.17,1.48,1.32,1.86,1.39
2025-05-30,61.HK,False,,,,,,0.08,0.077,-3.8,SizeA,0,1,2,139.0,77.0,43.0,3.62,0.56,0.93,0.88,1.18,1.08,1.39,1.1,1.54,1.2,1.86,1.34,2.45,1.54
2025-05-30,995.HK,True,,,,,,12.22,12.46,2.0,SizeC,0,1,2,60.0,35.0,18.0,3.68,0.51,0.91,0.86,1.19,1.14,1.23,1.17,1.28,1.18,1.32,1.18,1.39,1.22
2025-05-29,6633.HK,False,,,,,,2.66,3.09,16.2,SizeA,0,2,8,24.0,13.0,8.0,3.55,0.62,0.86,0.79,1.19,1.06,1.14,1.08,1.61,1.26,2.25,1.67,3.02,1.87
2025-05-29,899.HK,False,,,,,,0.98,0.64,-34.7,SizeB,0,3,3,32.0,16.0,12.0,3.72,0.75,0.87,0.77,1.16,1.1,1.22,1.1,1.36,1.14,1.47,1.27,1.78,1.46
2025-05-28,9885.HK,True,,,,,,9.19,9.13,-0.7,SizeC,0,1,48,40.0,23.0,12.0,3.68,0.52,0.87,0.79,1.29,1.17,1.3,1.2,1.47,1.25,1.56,1.25,1.58,1.25
2025-05-28,9886.HK,True,,,,,,9.19,9.16,-0.3,SizeC,0,1,48,40.0,23.0,12.0,3.68,0.52,0.87,0.79,1.29,1.17,1.3,1.2,1.47,1.25,1.56,1.25,1.58,1.25
2025-05-28,875.HK,False,,,,,,0.395,0.295,-25.3,SizeB,0,3,12,29.0,12.0,14.0,4.2,1.17,0.91,0.81,1.3,1.11,1.35,1.11,1.54,1.17,1.67,1.35,2.0,1.75
2025-05-28,8131.HK,False,,,,,,0.082,0.097,18.3,SizeA,0,6,2,53.0,25.0,22.0,3.96,0.88,0.91,0.88,1.15,1.09,1.22,1.11,1.31,1.13,1.45,1.17,2.2,1.38
2025-05-28,8659.HK,False,,,,,,0.224,0.192,-14.3,SizeB,1,0,2,43.0,21.0,13.0,3.69,0.62,0.91,0.85,1.13,1.1,1.19,1.12,1.27,1.15,1.36,1.24,1.48,1.29
2025-05-28,8203.HK,False,,,,,,0.211,0.27,28.0,SizeA,0,1,1,169.0,104.0,47.0,3.44,0.45,0.85,0.78,1.19,1.08,1.24,1.13,1.39,1.22,1.85,1.37,2.67,1.61
2025-05-28,8205.HK,False,,,,,,0.211,0.27,28.0,SizeA,0,1,1,169.0,104.0,47.0,3.44,0.45,0.85,0.78,1.19,1.08,1.24,1.13,1.39,1.22,1.85,1.37,2.67,1.61
2025-05-28,1204.HK,False,,,,,,1.27,1.24,-2.4,SizeB,0,1,1,209.0,103.0,70.0,3.67,0.68,0.86,0.78,1.2,1.1,1.22,1.11,1.31,1.19,1.49,1.27,1.92,1.42
2025-05-27,2175.HK,False,,,,,,2.58,2.55,-1.2,SizeB,0,3,5,126.0,59.0,43.0,3.74,0.73,0.86,0.78,1.21,1.11,1.24,1.12,1.33,1.23,1.47,1.25,1.89,1.43
2025-05-22,974.HK,False,,,,,,0.78,0.76,-2.6,SizeA,1,0,3,188.0,110.0,54.0,3.5,0.49,0.89,0.83,1.16,1.08,1.22,1.1,1.39,1.17,1.68,1.37,2.19,1.65
2025-05-22,9608.HK,False,,,,,,0.117,0.098,-16.2,SizeB,0,1,3,32.0,17.0,8.0,3.5,0.47,0.85,0.82,1.12,1.1,1.17,1.11,1.3,1.12,1.47,1.18,1.65,1.46
2025-05-22,8103.HK,False,,,,,,0.197,0.138,-29.9,SizeA,0,1,1,51.0,39.0,12.0,3.3,0.31,0.85,0.77,1.16,1.08,1.3,1.14,1.54,1.27,1.86,1.38,2.62,1.94
2025-05-22,8113.HK,False,,,,,,0.197,0.138,-29.9,SizeA,0,1,1,51.0,39.0,12.0,3.3,0.31,0.85,0.77,1.16,1.08,1.3,1.14,1.54,1.27,1.86,1.38,2.62,1.94
2025-05-21,925.HK,False,,,,,,0.04,0.129,222.5,SizeA,0,3,10,90.0,48.0,28.0,3.56,0.58,0.9,0.83,1.14,1.06,1.41,1.09,1.53,1.21,1.69,1.36,2.07,1.57
2025-05-21,6808.HK,False,,,,,,2.05,2.33,13.7,SizeC,4,0,3,41.0,28.0,8.0,3.32,0.29,0.86,0.81,1.2,1.14,1.2,1.08,1.43,1.13,1.55,1.16,1.77,1.29
2025-05-20,2209.HK,False,,,,,,4.3,5.55,29.1,SizeC,2,0,4,35.0,20.0,10.0,3.57,0.5,0.9,0.84,1.26,1.13,1.32,1.1,1.49,1.17,1.59,1.24,1.72,1.46
2025-05-15,73.HK,False,,,,,,1.71,1.45,-15.2,SizeA,0,2,3,44.0,28.0,13.0,3.42,0.46,0.86,0.77,1.21,1.08,1.26,1.11,1.4,1.22,1.65,1.37,2.43,1.92
2025-05-13,340.HK,True,,,,,,1.32,2.12,60.6,SizeC,0,1,26,49.0,27.0,16.0,3.72,0.59,0.87,0.79,1.28,1.17,1.29,1.17,1.48,1.3,1.56,1.31,1.62,1.34
2025-05-13,2337.HK,False,,,,,,2.15,1.74,-19.1,SizeC,0,1,13,20.0,16.0,4.0,3.14,0.25,0.81,0.73,1.16,1.09,1.16,1.07,1.3,1.13,1.55,1.13,1.93,1.16
2025-05-09,110.HK,False,,,,,,0.16,0.153,-4.4,SizeA,0,1,9,15.0,8.0,5.0,3.57,0.62,0.87,0.82,1.11,1.05,1.25,1.08,1.45,1.14,1.82,1.29,2.63,1.57
2025-05-07,1702.HK,False,,,,,,1.7,1.7,0.0,SizeA,0,3,6,42.0,21.0,13.0,3.75,0.62,0.89,0.84,1.26,1.1,1.3,1.19,1.4,1.25,1.64,1.34,1.87,1.68
2025-05-07,1853.HK,False,,,,,,1.51,1.36,-9.9,SizeA,0,1,2,127.0,78.0,36.0,3.45,0.46,0.87,0.81,1.2,1.08,1.22,1.1,1.5,1.21,1.81,1.35,2.43,1.52
2025-04-08,8149.HK,False,,,,,,1.75,0.82,-53.1,SizeB,0,6,5,,,,,,,,,,,,,,,,,
2025-04-03,8537.HK,False,,,,,,0.171,0.171,0.0,SizeB,0,4,3,,,,,,,,,,,,,,,,,
2025-04-01,6667.HK,False,,,,,,7.2,7.2,0.0,SizeB,0,3,4,,,,,,,,,,,,,,,,,
